DATA;ID_USUARIO_CONFERENTE;META;ID_JUSTIFICATIVA
01/07/2024;2917;172;
02/07/2024;2917;281;
03/07/2024;2917;245;
04/07/2024;2917;250;
05/07/2024;2917;272;
06/07/2024;2917;212;
08/07/2024;2917;198;3
08/07/2024;4753;348;
08/07/2024;4754;238;
09/07/2024;2917;177;
09/07/2024;4750;157;
09/07/2024;4751;260;6
10/07/2024;2917;157;7
10/07/2024;4752;282;
10/07/2024;4754;25;5
11/07/2024;2917;218;
11/07/2024;4750;257;
11/07/2024;4751;187;5
11/07/2024;4752;34;3
11/07/2024;4755;304;
12/07/2024;2917;151;
12/07/2024;4752;310;
12/07/2024;4753;181;
12/07/2024;4754;250;
12/07/2024;4755;4;7
13/07/2024;2917;135;5
13/07/2024;4750;177;
13/07/2024;4751;92;
13/07/2024;4752;124;
13/07/2024;4755;82;
14/07/2024;4752;108;5
14/07/2024;4753;184;
14/07/2024;4754;185;
15/07/2024;2917;167;6
15/07/2024;4750;127;7
15/07/2024;4751;58;
15/07/2024;4754;51;
15/07/2024;4755;0;5
16/07/2024;2917;210;
16/07/2024;4752;158;
16/07/2024;4753;188;
16/07/2024;4754;328;
16/07/2024;4755;120;
17/07/2024;2917;304;
17/07/2024;4750;202;3
17/07/2024;4751;1;5
17/07/2024;4755;210;
18/07/2024;2917;224;
18/07/2024;4752;55;
18/07/2024;4753;248;
18/07/2024;4754;305;
18/07/2024;4755;127;
19/07/2024;2917;310;
19/07/2024;4750;364;
19/07/2024;4751;445;
19/07/2024;4755;140;
20/07/2024;2917;231;
20/07/2024;4752;267;
20/07/2024;4753;212;
20/07/2024;4754;201;7
20/07/2024;4755;61;
21/07/2024;4750;57;
21/07/2024;4751;70;5
21/07/2024;4755;232;3
22/07/2024;2917;267;
22/07/2024;4752;158;
22/07/2024;4753;171;3
22/07/2024;4754;108;
23/07/2024;2917;288;
23/07/2024;4750;198;
23/07/2024;4751;258;
23/07/2024;4755;65;
24/07/2024;2917;184;
24/07/2024;4752;211;
24/07/2024;4753;184;
24/07/2024;4754;454;
24/07/2024;4755;10;5
25/07/2024;2917;101;
25/07/2024;4750;207;6
25/07/2024;4751;267;
25/07/2024;4752;38;6
25/07/2024;4755;225;
26/07/2024;2917;145;
26/07/2024;4752;155;
26/07/2024;4753;317;
26/07/2024;4754;210;
27/07/2024;2917;154;
27/07/2024;4750;210;7
27/07/2024;4751;231;
27/07/2024;4752;38;
27/07/2024;4755;5;
28/07/2024;4752;184;
28/07/2024;4753;147;6
28/07/2024;4754;117;6
28/07/2024;4755;1;
29/07/2024;2917;81;6
29/07/2024;4750;140;6
29/07/2024;4751;138;
29/07/2024;4752;77;
29/07/2024;4755;10;5
30/07/2024;2917;258;
30/07/2024;4752;37;
30/07/2024;4753;400;
30/07/2024;4754;301;
30/07/2024;4755;5;
31/07/2024;2917;181;5
31/07/2024;4750;250;
31/07/2024;4751;174;
31/07/2024;4755;98;
01/08/2024;2917;132;7
01/08/2024;4752;284;3
01/08/2024;4753;322;7
01/08/2024;4754;211;6
01/08/2024;4755;45;
02/08/2024;2917;205;3
02/08/2024;4750;211;7
02/08/2024;4751;326;3
02/08/2024;4752;14;5
02/08/2024;4755;144;6
03/08/2024;2917;141;6
03/08/2024;4752;141;
03/08/2024;4753;207;3
03/08/2024;4754;306;3
04/08/2024;4750;164;
04/08/2024;4751;149;6
04/08/2024;4755;131;
05/08/2024;2917;292;5
05/08/2024;4752;321;
05/08/2024;4753;474;3
05/08/2024;4754;253;7
05/08/2024;4755;153;6
06/08/2024;2917;169;7
06/08/2024;4750;274;
06/08/2024;4751;166;
06/08/2024;4752;2;6
06/08/2024;4755;7;
07/08/2024;2917;186;3
07/08/2024;4752;333;3
07/08/2024;4753;339;3
07/08/2024;4754;262;
07/08/2024;4755;14;3
08/08/2024;2917;196;5
08/08/2024;4750;198;
08/08/2024;4751;294;5
08/08/2024;4752;4;
08/08/2024;4753;2;5
08/08/2024;4754;10;
08/08/2024;4755;54;
09/08/2024;2917;109;
09/08/2024;4752;204;6
09/08/2024;4753;319;7
09/08/2024;4754;68;7
09/08/2024;4755;1;5
10/08/2024;2917;196;5
10/08/2024;4750;301;
10/08/2024;4751;361;7
10/08/2024;4752;7;
10/08/2024;4755;38;5
11/08/2024;4752;240;
11/08/2024;4753;198;3
11/08/2024;4754;392;6
12/08/2024;2917;320;6
12/08/2024;4750;213;7
12/08/2024;4751;60;7
12/08/2024;4755;133;
13/08/2024;2917;330;6
13/08/2024;4752;184;6
13/08/2024;4753;198;7
13/08/2024;4754;429;6
13/08/2024;4755;6;3
14/08/2024;2917;716;6
14/08/2024;4750;164;
14/08/2024;4751;393;5
14/08/2024;4755;128;
15/08/2024;2917;146;
15/08/2024;4752;333;6
15/08/2024;4753;257;
15/08/2024;4754;385;3
15/08/2024;4755;2;3
16/08/2024;2917;316;
16/08/2024;4750;295;
16/08/2024;4751;346;6
16/08/2024;4752;0;5
16/08/2024;4755;141;
18/08/2024;4750;266;7
18/08/2024;4751;199;3
18/08/2024;4752;5;3
19/08/2024;2917;285;
19/08/2024;4752;108;
19/08/2024;4753;337;3
19/08/2024;4754;29;
19/08/2024;4755;200;6
20/08/2024;2917;289;3
20/08/2024;4750;1;
20/08/2024;4751;513;3
20/08/2024;4754;4;
20/08/2024;4755;0;6
21/08/2024;2917;262;3
21/08/2024;4752;157;6
21/08/2024;4753;223;
21/08/2024;4754;335;5
21/08/2024;4755;36;
22/08/2024;2917;222;
22/08/2024;4750;248;7
22/08/2024;4751;239;3
22/08/2024;4752;1;
22/08/2024;4755;190;
23/08/2024;2917;151;
23/08/2024;4752;70;
23/08/2024;4753;97;3
23/08/2024;4754;213;
23/08/2024;4755;40;
24/08/2024;2917;25;
24/08/2024;4750;378;7
24/08/2024;4751;308;
24/08/2024;4752;157;
24/08/2024;4755;132;5
25/08/2024;4750;9;
25/08/2024;4752;163;
25/08/2024;4753;288;
25/08/2024;4754;128;6
26/08/2024;2917;226;
26/08/2024;4750;478;
26/08/2024;4751;225;3
26/08/2024;4755;61;
27/08/2024;2917;261;
27/08/2024;4752;378;7
27/08/2024;4753;346;5
27/08/2024;4754;47;5
27/08/2024;4755;123;
28/08/2024;2917;73;
28/08/2024;4750;207;
28/08/2024;4751;275;5
28/08/2024;4752;40;3
28/08/2024;4755;135;
29/08/2024;2917;294;
29/08/2024;4752;311;7
29/08/2024;4753;249;
29/08/2024;4754;139;3
29/08/2024;4755;37;3
30/08/2024;2917;438;
30/08/2024;4750;238;
30/08/2024;4751;268;
30/08/2024;4752;0;3
30/08/2024;4755;76;6
31/08/2024;2917;153;
31/08/2024;4752;234;
31/08/2024;4753;106;
31/08/2024;4754;339;7
31/08/2024;4755;46;
01/09/2024;4750;91;
01/09/2024;4751;268;7
01/09/2024;4755;113;
02/09/2024;2917;181;
02/09/2024;4753;57;
02/09/2024;4754;74;
02/09/2024;4755;127;
03/09/2024;2917;112;
03/09/2024;4750;366;7
03/09/2024;4751;176;
03/09/2024;4752;41;
03/09/2024;4755;80;
04/09/2024;2917;253;3
04/09/2024;4750;6;6
04/09/2024;4752;114;
04/09/2024;4753;264;
04/09/2024;4754;200;6
04/09/2024;4755;38;
05/09/2024;2917;255;
05/09/2024;4750;223;6
05/09/2024;4751;240;3
05/09/2024;4752;56;7
05/09/2024;4755;159;
06/09/2024;2917;133;
06/09/2024;4752;230;7
06/09/2024;4753;76;
06/09/2024;4754;360;
06/09/2024;4755;97;
07/09/2024;4750;195;
07/09/2024;4751;238;
07/09/2024;4752;37;
07/09/2024;4755;216;3
08/09/2024;4752;188;5
08/09/2024;4753;155;7
08/09/2024;4754;159;
08/09/2024;4755;92;
09/09/2024;2917;269;
09/09/2024;4750;145;
09/09/2024;4751;353;
09/09/2024;4752;42;3
09/09/2024;4755;191;7
10/09/2024;2917;184;
10/09/2024;4752;239;
10/09/2024;4753;204;5
10/09/2024;4754;249;6
10/09/2024;4755;128;
11/09/2024;2917;263;6
11/09/2024;4750;277;
11/09/2024;4751;162;
11/09/2024;4752;18;
11/09/2024;4755;99;
12/09/2024;2917;168;
12/09/2024;4752;310;
12/09/2024;4753;87;
12/09/2024;4754;123;
12/09/2024;4755;0;5
13/09/2024;2917;141;
13/09/2024;4750;117;
13/09/2024;4751;198;
13/09/2024;4752;32;
13/09/2024;4755;332;
14/09/2024;2917;6;5
14/09/2024;4752;210;
14/09/2024;4753;53;7
14/09/2024;4754;181;3
15/09/2024;4750;50;3
15/09/2024;4751;237;
15/09/2024;4752;20;
15/09/2024;4755;92;6
16/09/2024;2917;40;
16/09/2024;4752;20;
16/09/2024;4753;22;6
16/09/2024;4754;130;
16/09/2024;4755;2;
17/09/2024;2917;238;
17/09/2024;4750;190;
17/09/2024;4751;190;
17/09/2024;4755;144;
18/09/2024;2917;304;6
18/09/2024;4752;220;
18/09/2024;4753;200;5
18/09/2024;4754;219;
19/09/2024;2917;351;
19/09/2024;4750;235;
19/09/2024;4751;164;
19/09/2024;4755;222;7
20/09/2024;2917;262;6
20/09/2024;4752;343;
20/09/2024;4753;59;
20/09/2024;4754;142;
20/09/2024;4755;4;
21/09/2024;2917;205;6
21/09/2024;4750;199;6
21/09/2024;4751;195;5
21/09/2024;4752;37;5
21/09/2024;4755;147;
22/09/2024;4752;95;
22/09/2024;4753;220;3
22/09/2024;4754;339;5
23/09/2024;2917;285;
23/09/2024;4750;58;6
23/09/2024;4751;80;
23/09/2024;4755;185;
24/09/2024;2917;195;
24/09/2024;4752;473;
24/09/2024;4753;242;
24/09/2024;4754;359;
24/09/2024;4755;4;6
25/09/2024;2917;274;
25/09/2024;4750;132;
25/09/2024;4751;258;7
25/09/2024;4752;78;
25/09/2024;4755;214;
26/09/2024;2917;312;
26/09/2024;4752;208;5
26/09/2024;4753;418;
26/09/2024;4754;385;6
26/09/2024;4755;104;
27/09/2024;2917;222;5
27/09/2024;4750;310;6
27/09/2024;4751;355;
27/09/2024;4752;4;7
27/09/2024;4755;220;
28/09/2024;2917;208;
28/09/2024;4752;264;
28/09/2024;4753;282;
28/09/2024;4754;244;
28/09/2024;4755;0;7
29/09/2024;4750;58;
29/09/2024;4751;336;
29/09/2024;4752;165;7
29/09/2024;4755;126;
30/09/2024;2917;196;5
30/09/2024;4752;46;
30/09/2024;4753;215;7
30/09/2024;4754;324;5
30/09/2024;4755;42;
01/10/2024;2917;154;
01/10/2024;4750;183;
01/10/2024;4751;211;3
01/10/2024;4755;202;
02/10/2024;2917;0;7
02/10/2024;4752;141;
02/10/2024;4753;168;
02/10/2024;4754;142;
02/10/2024;4755;25;
03/10/2024;2917;186;5
03/10/2024;4750;109;
03/10/2024;4751;148;
03/10/2024;4752;0;7
03/10/2024;4755;176;
04/10/2024;2917;200;5
04/10/2024;4752;277;
04/10/2024;4753;325;
04/10/2024;4754;312;
05/10/2024;2917;249;
05/10/2024;4750;192;7
05/10/2024;4751;269;
05/10/2024;4755;256;
06/10/2024;4752;200;
07/10/2024;2917;218;
07/10/2024;4750;242;
07/10/2024;4751;251;5
07/10/2024;4752;110;
08/10/2024;2917;208;3
08/10/2024;4752;234;3
08/10/2024;4753;112;
08/10/2024;4754;215;
08/10/2024;4755;52;
09/10/2024;2917;214;
09/10/2024;4750;210;
09/10/2024;4751;240;
09/10/2024;4752;44;
09/10/2024;4755;96;
10/10/2024;2917;184;7
10/10/2024;4752;316;
10/10/2024;4753;284;7
10/10/2024;4754;335;3
10/10/2024;4755;25;5
11/10/2024;2917;221;
11/10/2024;4750;274;
11/10/2024;4751;197;
11/10/2024;4752;4;7
11/10/2024;4755;222;5
12/10/2024;4752;330;5
12/10/2024;4753;134;
12/10/2024;4754;164;
12/10/2024;4755;92;
13/10/2024;4750;191;
13/10/2024;4751;160;
13/10/2024;4752;0;5
13/10/2024;4755;202;
14/10/2024;2917;137;7
14/10/2024;4752;175;
14/10/2024;4753;139;6
14/10/2024;4754;144;
14/10/2024;4755;29;7
15/10/2024;2917;185;3
15/10/2024;4750;133;7
15/10/2024;4751;349;
15/10/2024;4755;184;
16/10/2024;2917;156;5
16/10/2024;4752;106;7
16/10/2024;4753;206;
16/10/2024;4754;212;
17/10/2024;2917;266;
17/10/2024;4750;188;6
17/10/2024;4751;112;3
17/10/2024;4755;76;5
18/10/2024;2917;236;
18/10/2024;4752;100;5
18/10/2024;4753;64;
18/10/2024;4754;127;
18/10/2024;4755;6;3
19/10/2024;2917;199;
19/10/2024;4750;100;
19/10/2024;4751;122;5
19/10/2024;4752;34;
19/10/2024;4755;112;
20/10/2024;4752;110;
20/10/2024;4753;350;3
20/10/2024;4754;295;
20/10/2024;4755;4;
21/10/2024;2917;235;
21/10/2024;4750;178;
21/10/2024;4751;170;7
21/10/2024;4752;3;6
21/10/2024;4755;192;
22/10/2024;2917;197;
22/10/2024;4752;252;7
22/10/2024;4753;197;
22/10/2024;4754;236;6
22/10/2024;4755;26;6
23/10/2024;2917;200;
23/10/2024;4750;286;
23/10/2024;4751;312;
23/10/2024;4752;58;3
23/10/2024;4754;0;7
23/10/2024;4755;247;3
24/10/2024;2917;184;
24/10/2024;4752;153;
24/10/2024;4753;139;
24/10/2024;4754;69;
24/10/2024;4755;154;3
25/10/2024;2917;38;
25/10/2024;4750;262;
25/10/2024;4751;150;
25/10/2024;4755;142;
26/10/2024;2917;234;7
26/10/2024;4752;279;5
26/10/2024;4753;156;3
26/10/2024;4754;296;5
26/10/2024;4755;21;
27/10/2024;4750;254;7
27/10/2024;4751;356;
27/10/2024;4752;32;
27/10/2024;4755;351;7
28/10/2024;2917;225;
28/10/2024;4752;215;7
28/10/2024;4753;272;3
28/10/2024;4754;356;
29/10/2024;2917;259;
29/10/2024;4750;125;5
29/10/2024;4751;186;
29/10/2024;4755;104;6
30/10/2024;2917;205;
30/10/2024;4752;247;
30/10/2024;4753;375;
30/10/2024;4754;250;7
30/10/2024;4755;6;5
31/10/2024;2917;169;
31/10/2024;4750;352;7
31/10/2024;4751;331;
31/10/2024;4752;6;6
31/10/2024;4755;133;5
01/11/2024;2917;306;5
01/11/2024;4752;64;3
01/11/2024;4753;91;7
01/11/2024;4754;308;7
01/11/2024;4755;63;5
02/11/2024;4750;312;3
02/11/2024;4751;303;7
02/11/2024;4752;199;7
02/11/2024;4755;399;3
03/11/2024;4752;246;6
03/11/2024;4753;276;3
03/11/2024;4754;325;6
04/11/2024;2917;232;3
04/11/2024;4750;452;5
04/11/2024;4751;96;7
04/11/2024;4752;0;5
04/11/2024;4755;266;5
05/11/2024;2917;277;3
05/11/2024;4752;254;7
05/11/2024;4753;241;6
05/11/2024;4754;242;5
05/11/2024;4755;3;6
06/11/2024;2917;364;5
06/11/2024;4750;432;3
06/11/2024;4751;368;7
06/11/2024;4752;112;6
06/11/2024;4755;184;5
07/11/2024;2917;295;6
07/11/2024;4752;153;3
07/11/2024;4753;336;5
07/11/2024;4754;194;5
07/11/2024;4755;109;3
08/11/2024;2917;200;3
08/11/2024;4750;55;7
08/11/2024;4751;303;7
08/11/2024;4755;123;7
09/11/2024;2917;232;7
09/11/2024;4752;339;5
09/11/2024;4753;241;5
09/11/2024;4754;177;7
09/11/2024;4755;81;5
10/11/2024;4750;369;6
10/11/2024;4751;446;5
10/11/2024;4755;133;7
11/11/2024;2917;217;7
11/11/2024;4752;52;7
11/11/2024;4753;105;6
11/11/2024;4754;183;5
11/11/2024;4755;144;7
12/11/2024;2917;152;5
12/11/2024;4750;231;6
12/11/2024;4751;414;7
12/11/2024;4755;87;5
13/11/2024;2917;316;7
13/11/2024;4752;174;5
13/11/2024;4753;171;5
13/11/2024;4754;196;3
13/11/2024;4755;37;5
14/11/2024;2917;260;3
14/11/2024;4750;151;6
14/11/2024;4751;265;3
14/11/2024;4752;133;5
14/11/2024;4755;192;6
15/11/2024;4752;374;5
15/11/2024;4753;134;5
15/11/2024;4754;126;7
16/11/2024;2917;249;5
16/11/2024;4750;303;3
16/11/2024;4751;114;7
16/11/2024;4752;9;7
16/11/2024;4755;224;7
17/11/2024;4752;253;7
18/11/2024;2917;231;3
19/11/2024;2917;266;6
19/11/2024;4753;103;5
19/11/2024;4754;165;3
19/11/2024;4755;180;7
20/11/2024;4750;436;3
20/11/2024;4751;463;7
20/11/2024;4752;48;6
20/11/2024;4755;160;6
21/11/2024;2917;312;7
21/11/2024;4753;188;6
21/11/2024;4754;199;6
21/11/2024;4755;121;6
22/11/2024;2917;255;3
22/11/2024;4750;471;5
22/11/2024;4751;548;3
22/11/2024;4752;3;5
22/11/2024;4754;0;5
22/11/2024;4755;240;7
23/11/2024;2917;230;5
23/11/2024;4752;148;3
23/11/2024;4753;184;7
23/11/2024;4754;320;3
23/11/2024;4755;109;5
24/11/2024;4750;115;5
24/11/2024;4751;234;3
24/11/2024;4755;194;6
25/11/2024;2917;218;7
25/11/2024;4753;127;7
25/11/2024;4754;133;3
25/11/2024;4755;171;5
26/11/2024;2917;350;7
26/11/2024;4750;328;6
26/11/2024;4751;384;3
26/11/2024;4752;20;6
26/11/2024;4755;134;3
27/11/2024;2917;254;6
27/11/2024;4752;303;7
27/11/2024;4753;183;7
27/11/2024;4754;223;5
27/11/2024;4755;0;3
28/11/2024;2917;327;6
28/11/2024;4750;140;5
28/11/2024;4751;148;6
28/11/2024;4752;0;6
28/11/2024;4755;606;7
29/11/2024;2917;362;6
29/11/2024;4752;194;6
29/11/2024;4753;309;5
29/11/2024;4754;249;3
29/11/2024;4755;102;3
30/11/2024;2917;223;6
30/11/2024;4750;506;6
30/11/2024;4751;426;5
30/11/2024;4755;321;7
01/12/2024;4752;261;6
01/12/2024;4753;291;3
01/12/2024;4754;477;5
01/12/2024;4755;39;7
02/12/2024;2917;231;5
02/12/2024;4750;75;6
02/12/2024;4751;336;6
02/12/2024;4752;0;7
02/12/2024;4755;139;5
03/12/2024;2917;291;3
03/12/2024;4752;531;3
03/12/2024;4753;72;3
03/12/2024;4754;378;3
04/12/2024;2917;186;6
04/12/2024;4750;241;7
04/12/2024;4751;145;6
04/12/2024;4752;115;5
04/12/2024;4755;232;3
05/12/2024;2917;105;3
05/12/2024;4752;303;3
05/12/2024;4753;171;5
05/12/2024;4754;252;6
05/12/2024;4755;123;3
06/12/2024;2917;283;6
06/12/2024;4750;321;5
06/12/2024;4751;684;5
06/12/2024;4755;66;3
07/12/2024;2917;105;3
07/12/2024;4752;105;7
07/12/2024;4753;381;6
07/12/2024;4754;405;6
08/12/2024;4750;139;6
08/12/2024;4751;271;3
08/12/2024;4752;120;6
08/12/2024;4755;229;5
09/12/2024;2917;193;5
09/12/2024;4752;127;3
09/12/2024;4753;168;5
09/12/2024;4754;30;7
09/12/2024;4755;213;5
10/12/2024;2917;267;7
10/12/2024;4750;234;7
10/12/2024;4751;310;7
10/12/2024;4752;10;7
10/12/2024;4755;24;5
11/12/2024;2917;301;7
11/12/2024;4751;1;5
11/12/2024;4752;243;5
11/12/2024;4753;439;6
11/12/2024;4754;285;7
11/12/2024;4755;79;3
12/12/2024;2917;217;6
12/12/2024;4750;199;3
12/12/2024;4751;444;5
12/12/2024;4752;6;6
12/12/2024;4755;162;6
13/12/2024;2917;318;3
13/12/2024;4752;253;7
13/12/2024;4753;345;3
13/12/2024;4754;366;6
13/12/2024;4755;90;6
14/12/2024;2917;379;5
14/12/2024;4750;303;5
14/12/2024;4751;531;3
14/12/2024;4752;97;7
14/12/2024;4755;228;3
15/12/2024;4752;126;3
15/12/2024;4753;180;3
15/12/2024;4754;498;3
16/12/2024;2917;105;5
16/12/2024;4750;120;5
16/12/2024;4751;366;5
16/12/2024;4755;297;3
17/12/2024;2917;330;3
17/12/2024;4752;339;6
17/12/2024;4753;276;5
17/12/2024;4754;127;6
18/12/2024;2917;285;7
18/12/2024;4750;363;7
18/12/2024;4751;510;6
18/12/2024;4752;4;6
18/12/2024;4755;393;3
19/12/2024;2917;388;3
19/12/2024;4752;201;6
19/12/2024;4753;243;5
19/12/2024;4754;255;6
19/12/2024;4755;43;5
20/12/2024;2917;180;5
20/12/2024;4750;288;3
20/12/2024;4751;246;7
20/12/2024;4752;0;5
20/12/2024;4755;63;6
21/12/2024;2917;253;3
21/12/2024;4752;288;3
21/12/2024;4753;147;3
21/12/2024;4754;88;7
21/12/2024;4755;115;6
22/12/2024;4750;217;3
22/12/2024;4751;237;7
22/12/2024;4752;96;5
22/12/2024;4755;135;5
23/12/2024;2917;243;6
23/12/2024;4752;57;3
23/12/2024;4753;75;3
23/12/2024;4754;316;6
23/12/2024;4755;6;3
24/12/2024;4755;166;7
26/12/2024;2917;258;7
26/12/2024;4750;372;5
26/12/2024;4751;157;5
27/12/2024;2917;232;7
27/12/2024;4752;129;7
27/12/2024;4753;208;5
27/12/2024;4754;364;6
27/12/2024;4755;49;7
28/12/2024;2917;252;3
28/12/2024;4750;162;7
28/12/2024;4751;262;7
28/12/2024;4755;183;6
29/12/2024;4752;217;7
29/12/2024;4753;4;7
29/12/2024;4754;148;3
29/12/2024;4755;162;7
30/12/2024;2917;216;3
30/12/2024;4750;87;5
30/12/2024;4751;213;3
30/12/2024;4755;72;3
31/12/2024;4752;114;7
02/01/2025;2917;216;6
02/01/2025;4753;67;7
02/01/2025;4754;285;7
03/01/2025;2917;187;7
03/01/2025;4750;315;6
03/01/2025;4751;256;7
03/01/2025;4755;95;6
04/01/2025;2917;168;7
04/01/2025;4752;82;5
04/01/2025;4753;167;6
04/01/2025;4754;41;5
04/01/2025;4755;41;5
05/01/2025;4750;56;6
05/01/2025;4751;120;3
05/01/2025;4755;141;6
06/01/2025;2917;197;5
06/01/2025;4753;238;5
06/01/2025;4754;144;3
06/01/2025;4755;19;7
07/01/2025;2917;192;3
07/01/2025;4750;160;3
07/01/2025;4751;172;6
07/01/2025;4752;4;7
07/01/2025;4755;102;3
08/01/2025;2917;168;3
08/01/2025;4752;179;6
08/01/2025;4753;209;7
08/01/2025;4754;231;7
08/01/2025;4755;68;7
09/01/2025;2917;203;7
09/01/2025;4750;117;5
09/01/2025;4751;86;6
09/01/2025;4752;2;3
09/01/2025;4755;125;7
10/01/2025;2917;214;5
10/01/2025;4752;154;6
10/01/2025;4753;24;7
10/01/2025;4754;65;6
10/01/2025;4755;6;7
11/01/2025;2917;160;6
11/01/2025;4750;137;7
11/01/2025;4751;217;3
11/01/2025;4752;0;5
11/01/2025;4755;104;6
12/01/2025;4752;256;3
13/01/2025;2917;159;3
13/01/2025;4750;56;7
13/01/2025;4751;46;3
13/01/2025;4752;5;6
13/01/2025;4755;45;6
14/01/2025;2917;166;3
14/01/2025;4752;247;3
14/01/2025;4753;193;3
14/01/2025;4754;157;5
14/01/2025;4755;5;6
15/01/2025;2917;175;5
15/01/2025;4750;396;5
15/01/2025;4751;338;7
15/01/2025;4752;11;6
15/01/2025;4755;266;7
16/01/2025;4752;84;6
17/01/2025;2917;57;5
17/01/2025;4750;160;3
17/01/2025;4751;190;6
18/01/2025;2917;128;5
18/01/2025;4752;133;6
18/01/2025;4753;240;7
18/01/2025;4754;155;6
18/01/2025;4755;90;3
19/01/2025;4750;146;3
19/01/2025;4751;184;7
19/01/2025;4755;283;5
20/01/2025;4752;312;6
20/01/2025;4753;59;7
20/01/2025;4754;226;6
20/01/2025;4755;46;6
21/01/2025;2917;137;3
21/01/2025;4750;85;6
21/01/2025;4751;54;7
21/01/2025;4752;6;7
21/01/2025;4755;12;6
22/01/2025;2917;130;5
22/01/2025;4752;123;5
22/01/2025;4753;120;7
22/01/2025;4754;286;7
22/01/2025;4755;112;6
23/01/2025;2917;166;5
23/01/2025;4750;263;3
23/01/2025;4751;360;5
23/01/2025;4755;210;6
24/01/2025;2917;134;6
24/01/2025;4752;173;6
24/01/2025;4753;185;3
24/01/2025;4754;202;3
24/01/2025;4755;19;3
25/01/2025;2917;132;6
25/01/2025;4750;101;5
25/01/2025;4751;261;6
25/01/2025;4752;57;7
25/01/2025;4755;334;6
26/01/2025;4752;158;3
26/01/2025;4753;202;6
26/01/2025;4754;179;3
26/01/2025;4755;10;3
27/01/2025;2917;190;3
27/01/2025;4750;252;5
27/01/2025;4751;126;6
27/01/2025;4755;73;5
28/01/2025;2917;170;3
28/01/2025;4752;362;7
28/01/2025;4753;171;5
28/01/2025;4754;191;6
28/01/2025;4755;16;3
29/01/2025;2917;130;3
29/01/2025;4750;42;7
29/01/2025;4751;92;5
29/01/2025;4755;62;6
30/01/2025;2917;147;6
30/01/2025;4752;151;5
30/01/2025;4753;308;5
30/01/2025;4754;355;6
30/01/2025;4755;11;5
31/01/2025;2917;204;7
31/01/2025;4750;268;7
31/01/2025;4751;256;6
31/01/2025;4752;6;5
31/01/2025;4755;231;6
01/02/2025;2917;135;5
01/02/2025;4752;59;7
01/02/2025;4753;107;5
01/02/2025;4754;114;7
01/02/2025;4755;20;7
02/02/2025;4750;156;6
02/02/2025;4751;354;6
02/02/2025;4752;25;7
02/02/2025;4755;162;5
03/02/2025;2917;196;7
03/02/2025;4752;100;7
03/02/2025;4753;14;7
03/02/2025;4754;47;5
03/02/2025;4755;15;7
04/02/2025;2917;132;7
04/02/2025;4750;215;6
04/02/2025;4751;210;5
04/02/2025;4752;39;7
04/02/2025;4755;99;3
05/02/2025;2917;74;6
05/02/2025;4752;26;5
05/02/2025;4753;188;5
05/02/2025;4754;68;5
05/02/2025;4755;78;3
06/02/2025;2917;6;6
06/02/2025;4750;247;6
06/02/2025;4751;442;3
06/02/2025;4752;207;7
06/02/2025;4755;65;3
07/02/2025;2917;55;7
07/02/2025;4752;116;7
07/02/2025;4753;124;6
07/02/2025;4754;231;3
07/02/2025;4755;3;5
08/02/2025;2917;98;5
08/02/2025;4750;320;6
08/02/2025;4751;226;7
08/02/2025;4752;0;7
08/02/2025;4755;96;6
09/02/2025;4752;179;3
09/02/2025;4753;209;3
09/02/2025;4754;166;5
09/02/2025;4755;13;3
10/02/2025;2917;56;7
10/02/2025;4750;108;3
10/02/2025;4751;102;7
10/02/2025;4752;9;6
10/02/2025;4755;98;3
11/02/2025;2917;28;5
11/02/2025;4752;272;7
11/02/2025;4753;261;5
11/02/2025;4754;158;7
11/02/2025;4755;0;6
12/02/2025;2917;193;7
12/02/2025;4750;92;7
12/02/2025;4751;167;7
12/02/2025;4752;10;3
12/02/2025;4755;100;3
13/02/2025;2917;294;3
13/02/2025;4752;329;5
13/02/2025;4753;202;3
13/02/2025;4754;192;7
14/02/2025;2917;196;3
14/02/2025;4750;171;7
14/02/2025;4751;287;5
14/02/2025;4752;90;7
14/02/2025;4755;231;5
15/02/2025;2917;251;7
15/02/2025;4752;60;7
15/02/2025;4753;206;5
15/02/2025;4754;306;7
15/02/2025;4755;68;3
16/02/2025;4750;64;5
16/02/2025;4751;56;3
16/02/2025;4752;24;7
16/02/2025;4755;103;7
17/02/2025;2917;254;6
17/02/2025;4752;137;7
17/02/2025;4753;71;3
17/02/2025;4754;191;6
17/02/2025;4755;26;5
18/02/2025;2917;241;3
18/02/2025;4750;68;7
18/02/2025;4751;126;3
18/02/2025;4755;81;3
19/02/2025;2917;129;7
19/02/2025;4752;270;5
19/02/2025;4753;174;7
19/02/2025;4754;141;5
19/02/2025;4755;22;7
20/02/2025;2917;115;7
20/02/2025;4750;188;7
20/02/2025;4751;225;5
20/02/2025;4752;39;7
20/02/2025;4755;249;5
21/02/2025;2917;288;7
21/02/2025;4752;199;6
21/02/2025;4753;127;5
21/02/2025;4754;113;5
21/02/2025;4755;24;5
22/02/2025;2917;145;3
22/02/2025;4750;90;5
22/02/2025;4751;176;5
22/02/2025;4752;16;7
22/02/2025;4753;0;3
22/02/2025;4755;112;5
23/02/2025;4752;113;3
23/02/2025;4753;184;5
23/02/2025;4754;313;5
23/02/2025;4755;63;3
24/02/2025;2917;197;7
24/02/2025;4750;148;6
24/02/2025;4751;176;5
24/02/2025;4752;25;5
24/02/2025;4755;225;7
25/02/2025;2917;114;5
25/02/2025;4752;162;5
25/02/2025;4753;210;7
25/02/2025;4754;133;5
26/02/2025;2917;142;7
26/02/2025;4750;134;7
26/02/2025;4751;114;7
26/02/2025;4755;188;7
27/02/2025;2917;141;6
27/02/2025;4752;290;5
27/02/2025;4753;270;3
27/02/2025;4754;213;5
27/02/2025;4755;6;5
28/02/2025;2917;261;7
28/02/2025;4750;162;3
28/02/2025;4751;204;7
28/02/2025;4752;39;3
28/02/2025;4755;126;6
01/03/2025;2917;251;6
01/03/2025;4752;262;7
01/03/2025;4753;349;3
01/03/2025;4754;277;7
01/03/2025;4755;72;5
02/03/2025;4750;296;7
02/03/2025;4751;134;3
02/03/2025;4752;40;3
02/03/2025;4755;241;7
03/03/2025;4752;246;3
05/03/2025;2917;286;6
05/03/2025;4753;205;5
05/03/2025;4754;216;5
05/03/2025;4755;60;3
06/03/2025;2917;211;7
06/03/2025;4750;162;7
06/03/2025;4751;138;6
06/03/2025;4755;98;7
07/03/2025;2917;215;7
07/03/2025;4752;144;5
07/03/2025;4753;79;3
07/03/2025;4754;138;6
07/03/2025;4755;71;3
08/03/2025;2917;281;5
08/03/2025;4750;94;6
08/03/2025;4751;165;7
08/03/2025;4752;1;5
08/03/2025;4755;187;3
09/03/2025;4752;236;5
09/03/2025;4753;201;3
09/03/2025;4754;216;3
09/03/2025;4755;26;6
10/03/2025;2917;133;6
10/03/2025;4750;180;6
10/03/2025;4751;128;3
10/03/2025;4752;8;5
10/03/2025;4755;164;6
11/03/2025;2917;188;5
11/03/2025;4752;202;3
11/03/2025;4753;180;6
11/03/2025;4754;284;5
11/03/2025;4755;3;3
12/03/2025;2917;153;5
12/03/2025;4750;204;6
12/03/2025;4751;313;6
12/03/2025;4752;20;6
12/03/2025;4755;176;6
13/03/2025;2917;208;6
13/03/2025;4752;108;7
13/03/2025;4753;336;5
13/03/2025;4754;262;7
14/03/2025;2917;236;5
14/03/2025;4750;260;7
14/03/2025;4751;318;3
14/03/2025;4752;8;5
14/03/2025;4754;19;6
14/03/2025;4755;188;6
15/03/2025;2917;226;5
15/03/2025;4752;108;6
15/03/2025;4753;188;3
15/03/2025;4754;102;5
15/03/2025;4755;104;6
16/03/2025;4750;162;5
16/03/2025;4751;195;3
16/03/2025;4754;4;3
16/03/2025;4755;260;3
17/03/2025;2917;167;7
17/03/2025;4752;205;7
17/03/2025;4753;127;6
17/03/2025;4754;180;5
17/03/2025;4755;2;5
18/03/2025;2917;283;7
18/03/2025;4750;141;5
18/03/2025;4751;185;7
18/03/2025;4752;72;6
18/03/2025;4755;203;6
19/03/2025;2917;267;6
19/03/2025;4752;220;7
19/03/2025;4753;272;3
19/03/2025;4754;230;3
19/03/2025;4755;43;7
20/03/2025;2917;221;6
20/03/2025;4750;251;5
20/03/2025;4751;258;5
20/03/2025;4752;49;7
20/03/2025;4755;63;7
21/03/2025;2917;224;3
21/03/2025;4752;139;5
21/03/2025;4753;178;3
21/03/2025;4754;138;6
21/03/2025;4755;23;6
22/03/2025;2917;265;5
22/03/2025;4750;187;6
22/03/2025;4751;278;6
22/03/2025;4755;140;7
23/03/2025;4752;250;5
23/03/2025;4753;207;3
23/03/2025;4754;320;6
23/03/2025;4755;73;6
24/03/2025;2917;313;7
24/03/2025;4750;133;6
24/03/2025;4751;192;5
24/03/2025;4752;7;3
24/03/2025;4755;143;3
25/03/2025;2917;334;6
25/03/2025;4752;209;3
25/03/2025;4753;266;3
25/03/2025;4754;216;6
25/03/2025;4755;127;5
26/03/2025;2917;224;7
26/03/2025;4750;185;3
26/03/2025;4751;324;3
26/03/2025;4752;76;7
26/03/2025;4755;100;6
27/03/2025;2917;282;7
27/03/2025;4752;271;3
27/03/2025;4753;215;3
27/03/2025;4754;194;3
27/03/2025;4755;88;3
28/03/2025;2917;232;7
28/03/2025;4750;236;7
28/03/2025;4751;226;5
28/03/2025;4752;52;7
28/03/2025;4755;141;5
29/03/2025;2917;236;7
29/03/2025;4752;97;6
29/03/2025;4753;232;3
29/03/2025;4754;396;6
29/03/2025;4755;8;7
30/03/2025;4750;169;6
30/03/2025;4751;229;7
30/03/2025;4755;173;5
31/03/2025;2917;204;5
31/03/2025;4752;316;5
31/03/2025;4753;212;6
31/03/2025;4754;187;3
31/03/2025;4755;9;3
01/04/2025;2917;168;5
01/04/2025;4750;187;3
01/04/2025;4751;251;7
01/04/2025;4755;224;5
02/04/2025;2917;230;7
02/04/2025;4752;231;7
02/04/2025;4753;259;5
02/04/2025;4754;243;5
02/04/2025;4755;2;7
03/04/2025;2917;124;6
03/04/2025;4750;206;6
03/04/2025;4751;118;6
03/04/2025;4752;4;3
03/04/2025;4755;224;3
04/04/2025;2917;294;6
04/04/2025;4752;96;3
04/04/2025;4753;222;6
04/04/2025;4754;234;7
05/04/2025;2917;37;7
05/04/2025;4750;138;7
05/04/2025;4751;242;6
05/04/2025;4755;160;6
06/04/2025;4752;101;7
06/04/2025;4753;121;5
06/04/2025;4754;196;5
06/04/2025;4755;78;3
07/04/2025;2917;511;5
07/04/2025;4750;26;5
07/04/2025;4751;252;7
07/04/2025;4752;45;7
07/04/2025;4755;185;7
08/04/2025;2917;225;3
08/04/2025;4752;283;5
08/04/2025;4753;114;6
08/04/2025;4754;24;3
08/04/2025;4755;84;7
09/04/2025;2917;188;3
09/04/2025;4750;448;6
09/04/2025;4751;160;6
09/04/2025;4752;16;7
09/04/2025;4755;142;6
10/04/2025;2917;158;6
10/04/2025;4752;86;3
10/04/2025;4753;181;5
10/04/2025;4754;205;3
11/04/2025;2917;73;7
11/04/2025;4750;352;5
11/04/2025;4751;363;7
11/04/2025;4752;126;7
11/04/2025;4755;86;5
12/04/2025;2917;357;3
12/04/2025;4752;184;5
12/04/2025;4753;292;6
12/04/2025;4754;265;7
12/04/2025;4755;116;3
13/04/2025;4750;360;5
13/04/2025;4751;397;7
13/04/2025;4752;57;5
13/04/2025;4755;186;7
14/04/2025;2917;101;3
14/04/2025;4752;211;5
14/04/2025;4753;207;5
14/04/2025;4754;270;5
15/04/2025;2917;86;7
15/04/2025;4750;148;7
15/04/2025;4751;207;5
15/04/2025;4752;39;5
15/04/2025;4755;155;5
16/04/2025;2917;110;7
16/04/2025;4752;160;5
16/04/2025;4753;232;5
16/04/2025;4754;192;6
16/04/2025;4755;152;7
17/04/2025;2917;62;3
17/04/2025;4750;260;6
17/04/2025;4751;254;3
17/04/2025;4752;2;3
17/04/2025;4755;211;3
18/04/2025;4752;286;7
18/04/2025;4753;159;3
18/04/2025;4754;214;5
18/04/2025;4755;16;3
19/04/2025;2917;128;7
19/04/2025;4750;299;5
19/04/2025;4751;418;3
19/04/2025;4755;224;5
20/04/2025;4752;235;3
20/04/2025;4753;353;6
20/04/2025;4754;233;7
20/04/2025;4755;114;5
21/04/2025;4750;86;5
21/04/2025;4751;262;6
21/04/2025;4755;123;7
22/04/2025;2917;292;5
22/04/2025;4752;242;6
22/04/2025;4753;133;7
22/04/2025;4754;184;3
22/04/2025;4755;8;5
23/04/2025;4750;163;7
23/04/2025;4751;268;7
23/04/2025;4755;221;3
24/04/2025;2917;84;5
24/04/2025;4752;145;5
24/04/2025;4753;299;3
24/04/2025;4754;155;3
25/04/2025;2917;202;6
25/04/2025;4750;144;3
25/04/2025;4751;110;5
25/04/2025;4755;102;5
26/04/2025;2917;199;3
26/04/2025;4752;226;5
26/04/2025;4753;299;6
26/04/2025;4754;248;5
26/04/2025;4755;149;7
27/04/2025;4750;182;7
27/04/2025;4751;225;6
27/04/2025;4752;4;3
27/04/2025;4755;19;3
28/04/2025;2917;169;3
28/04/2025;4752;158;7
28/04/2025;4753;196;7
28/04/2025;4754;163;5
28/04/2025;4755;4;7
29/04/2025;2917;199;7
29/04/2025;4750;163;6
29/04/2025;4751;141;5
29/04/2025;4752;20;5
29/04/2025;4755;155;5
30/04/2025;2917;281;7
30/04/2025;4752;202;3
30/04/2025;4753;89;3
30/04/2025;4754;91;5
30/04/2025;4755;22;6
01/05/2025;4755;160;3
02/05/2025;2917;215;7
02/05/2025;4753;459;6
02/05/2025;4754;72;3
02/05/2025;4755;4;5
03/05/2025;2917;143;7
03/05/2025;4750;261;6
03/05/2025;4751;252;6
03/05/2025;4752;54;7
03/05/2025;4755;93;3
04/05/2025;4752;4;3
04/05/2025;4753;204;6
04/05/2025;4754;243;5
04/05/2025;4755;82;5
05/05/2025;2917;155;6
05/05/2025;4750;162;3
05/05/2025;4751;84;5
05/05/2025;4752;2;5
05/05/2025;4755;146;3
06/05/2025;2917;178;7
06/05/2025;4752;231;7
06/05/2025;4753;368;5
06/05/2025;4754;195;6
06/05/2025;4755;22;5
07/05/2025;2917;181;5
07/05/2025;4750;147;5
07/05/2025;4751;194;3
07/05/2025;4752;9;3
07/05/2025;4755;104;3
08/05/2025;2917;208;5
08/05/2025;4752;138;3
08/05/2025;4753;469;5
08/05/2025;4754;192;5
08/05/2025;4755;16;6
09/05/2025;2917;52;5
09/05/2025;4750;161;6
09/05/2025;4751;288;5
09/05/2025;4752;25;3
09/05/2025;4755;149;7
10/05/2025;2917;240;7
10/05/2025;4752;291;7
10/05/2025;4753;168;3
10/05/2025;4754;196;3
10/05/2025;4755;58;3
11/05/2025;4750;260;3
11/05/2025;4751;207;7
11/05/2025;4752;50;6
11/05/2025;4755;97;3
12/05/2025;2917;259;7
12/05/2025;4752;279;5
12/05/2025;4753;198;7
12/05/2025;4754;293;3
12/05/2025;4755;18;7
13/05/2025;2917;104;6
13/05/2025;4750;146;5
13/05/2025;4751;22;7
13/05/2025;4755;194;5
13/05/2025;4911;246;5
14/05/2025;2917;160;5
14/05/2025;4752;237;3
14/05/2025;4753;182;7
14/05/2025;4754;205;3
14/05/2025;4755;59;3
14/05/2025;4911;144;7
15/05/2025;2917;117;3
15/05/2025;4750;130;7
15/05/2025;4751;195;3
15/05/2025;4752;40;3
15/05/2025;4755;97;3
15/05/2025;4911;225;5
16/05/2025;2917;89;7
16/05/2025;4752;186;7
16/05/2025;4753;142;7
16/05/2025;4754;176;3
16/05/2025;4755;2;7
16/05/2025;4911;249;7
17/05/2025;2917;292;6
17/05/2025;4750;185;7
17/05/2025;4751;215;7
17/05/2025;4752;55;6
17/05/2025;4755;213;6
17/05/2025;4911;165;3
18/05/2025;4752;355;7
18/05/2025;4753;205;3
18/05/2025;4754;223;6
18/05/2025;4755;45;6
19/05/2025;2917;268;3
19/05/2025;4750;156;3
19/05/2025;4751;193;7
19/05/2025;4752;12;7
19/05/2025;4755;111;6
19/05/2025;4911;151;3
20/05/2025;2917;197;3
20/05/2025;4752;213;7
20/05/2025;4753;316;3
20/05/2025;4754;238;7
20/05/2025;4911;306;6
21/05/2025;2917;123;5
21/05/2025;4750;166;7
21/05/2025;4751;152;5
21/05/2025;4752;38;7
21/05/2025;4755;156;5
21/05/2025;4911;32;7
22/05/2025;2917;445;7
22/05/2025;4752;128;6
22/05/2025;4753;146;5
22/05/2025;4754;159;7
22/05/2025;4755;97;6
22/05/2025;4911;214;7
23/05/2025;2917;238;3
23/05/2025;4750;227;7
23/05/2025;4751;237;5
23/05/2025;4752;56;6
23/05/2025;4755;20;7
23/05/2025;4911;134;7
24/05/2025;2917;268;5
24/05/2025;4752;189;7
24/05/2025;4753;154;6
24/05/2025;4754;245;7
24/05/2025;4755;28;6
24/05/2025;4911;121;3
25/05/2025;4750;131;7
25/05/2025;4751;264;6
25/05/2025;4752;0;5
25/05/2025;4755;262;5
26/05/2025;2917;286;3
26/05/2025;4752;238;6
26/05/2025;4753;296;5
26/05/2025;4754;136;5
26/05/2025;4755;18;7
26/05/2025;4911;141;6
27/05/2025;2917;221;3
27/05/2025;4750;148;7
27/05/2025;4751;152;6
27/05/2025;4752;0;5
27/05/2025;4755;188;7
27/05/2025;4911;166;5
28/05/2025;2917;361;6
28/05/2025;4752;208;7
28/05/2025;4753;362;5
28/05/2025;4754;170;7
28/05/2025;4755;46;5
28/05/2025;4911;186;5
29/05/2025;2917;191;3
29/05/2025;4750;58;6
29/05/2025;4751;116;7
29/05/2025;4752;18;7
29/05/2025;4755;311;6
29/05/2025;4911;181;3
30/05/2025;2917;90;5
30/05/2025;4752;302;6
30/05/2025;4753;300;3
30/05/2025;4754;343;5
30/05/2025;4911;196;7
31/05/2025;2917;195;3
31/05/2025;4750;242;6
31/05/2025;4751;203;6
31/05/2025;4755;171;5
31/05/2025;4911;165;6
01/06/2025;4752;190;7
01/06/2025;4753;208;3
01/06/2025;4754;143;6
01/06/2025;4755;22;5
02/06/2025;2917;140;6
02/06/2025;4750;179;3
02/06/2025;4751;192;7
02/06/2025;4755;232;5
02/06/2025;4911;339;7
03/06/2025;2917;12;3
03/06/2025;4752;234;5
03/06/2025;4753;144;3
03/06/2025;4754;99;3
03/06/2025;4755;50;5
03/06/2025;4911;168;7
04/06/2025;2917;288;6
04/06/2025;4750;186;5
04/06/2025;4751;284;7
04/06/2025;4752;0;6
04/06/2025;4755;66;5
04/06/2025;4911;77;5
05/06/2025;2917;74;7
05/06/2025;4752;135;5
05/06/2025;4753;299;3
05/06/2025;4754;210;3
05/06/2025;4755;23;6
05/06/2025;4911;74;6
06/06/2025;2917;112;7
06/06/2025;4750;331;3
06/06/2025;4751;188;7
06/06/2025;4752;0;5
06/06/2025;4755;220;6
06/06/2025;4911;132;6
07/06/2025;4752;148;3
07/06/2025;4753;234;6
07/06/2025;4754;110;7
07/06/2025;4755;71;3
07/06/2025;4911;130;3
08/06/2025;4750;441;6
08/06/2025;4751;310;5
08/06/2025;4752;152;3
08/06/2025;4755;84;5
09/06/2025;4752;135;7
09/06/2025;4753;230;7
09/06/2025;4754;278;3
09/06/2025;4755;15;7
09/06/2025;4911;262;3
10/06/2025;2917;95;7
10/06/2025;4750;255;3
10/06/2025;4751;436;5
10/06/2025;4752;122;3
10/06/2025;4755;303;5
10/06/2025;4911;316;7
10/06/2025;5370;52;5
11/06/2025;4752;92;5
11/06/2025;4753;241;5
11/06/2025;4754;316;7
11/06/2025;4755;62;6
11/06/2025;4911;134;5
11/06/2025;5370;52;5
12/06/2025;2917;204;5
12/06/2025;4750;348;5
12/06/2025;4751;240;6
12/06/2025;4752;2;7
12/06/2025;4755;356;7
12/06/2025;4911;213;5
13/06/2025;2917;205;6
13/06/2025;4752;310;5
13/06/2025;4753;343;5
13/06/2025;4754;411;7
13/06/2025;4755;8;7
13/06/2025;4911;228;3
14/06/2025;2917;224;5
14/06/2025;4750;266;7
14/06/2025;4751;294;3
14/06/2025;4752;59;5
14/06/2025;4755;290;3
14/06/2025;4911;219;6
15/06/2025;4752;302;3
15/06/2025;4753;348;3
15/06/2025;4754;432;3
16/06/2025;2917;240;5
16/06/2025;4750;364;6
16/06/2025;4751;242;7
16/06/2025;4752;4;5
16/06/2025;4755;122;3
16/06/2025;4911;152;3
